sensor_id,timestamp,temperature,humidity,location,sensor_type
1011,2025-04-05 17:25:40,28.61,49.68,BuildingA_Floor2,TypeB
1093,2025-04-05 10:46:35,32.79,53.15,BuildingB_Floor1,TypeA
1013,2025-04-03 18:12:00,19.3,47.96,BuildingB_Floor2,TypeC
1045,2025-04-02 21:43:04,21.39,51.32,BuildingA_Floor2,TypeB
1018,2025-04-07 12:20:34,17.49,57.83,BuildingB_Floor1,TypeB
1011,2025-04-07 01:18:24,29.22,52.06,BuildingA_Floor2,TypeA
1070,2025-04-02 23:21:23,27.41,73.21,BuildingA_Floor1,TypeB
1045,2025-04-04 10:16:25,24.32,56.83,BuildingA_Floor1,TypeC
1065,2025-04-03 17:47:52,29.04,63.56,BuildingA_Floor2,TypeB
1090,2025-04-06 20:43:24,29.73,41.27,BuildingA_Floor2,TypeC
1053,2025-04-06 01:10:40,24.64,58.8,BuildingB_Floor2,TypeA
1064,2025-04-07 05:48:23,31.79,61.59,BuildingA_Floor2,TypeA
1085,2025-04-04 02:38:51,18.5,63.27,BuildingA_Floor2,TypeA
1095,2025-04-05 15:07:11,16.0,56.58,BuildingA_Floor2,TypeA
1021,2025-04-03 10:13:49,31.83,33.28,BuildingB_Floor1,TypeB
1025,2025-04-06 17:14:53,22.11,64.06,BuildingA_Floor2,TypeB
1081,2025-04-07 11:58:51,23.94,39.41,BuildingB_Floor1,TypeC
1088,2025-04-04 14:09:03,18.55,61.23,BuildingA_Floor2,TypeC
1048,2025-04-05 15:16:29,28.82,52.31,BuildingB_Floor1,TypeB
1096,2025-04-04 23:10:51,23.26,74.33,BuildingA_Floor1,TypeB
1008,2025-04-03 19:53:12,19.63,63.68,BuildingA_Floor1,TypeB
1065,2025-04-06 03:45:12,25.63,61.87,BuildingA_Floor1,TypeB
1078,2025-04-03 15:35:38,20.4,48.48,BuildingB_Floor2,TypeC
1098,2025-04-06 04:04:23,20.0,74.42,BuildingA_Floor2,TypeB
1016,2025-04-05 01:58:57,28.82,65.73,BuildingB_Floor2,TypeB
1092,2025-04-06 05:32:39,34.5,70.02,BuildingA_Floor1,TypeA
1033,2025-04-05 21:16:44,32.18,30.13,BuildingA_Floor1,TypeA
1078,2025-04-03 17:10:33,31.13,43.2,BuildingB_Floor1,TypeC
1029,2025-04-04 12:03:58,34.39,60.4,BuildingA_Floor2,TypeB
1017,2025-04-06 10:33:10,17.44,34.55,BuildingB_Floor2,TypeB
1002,2025-04-03 17:12:46,17.34,72.28,BuildingA_Floor1,TypeA
1058,2025-04-03 16:22:45,25.36,54.83,BuildingA_Floor1,TypeC
1016,2025-04-06 13:30:18,16.93,63.17,BuildingA_Floor2,TypeA
1079,2025-04-03 07:37:41,33.89,65.62,BuildingA_Floor2,TypeB
1059,2025-04-04 23:45:48,26.14,72.83,BuildingB_Floor1,TypeB
1097,2025-04-04 12:19:07,29.67,32.86,BuildingB_Floor1,TypeC
1013,2025-04-03 12:45:52,27.04,78.55,BuildingB_Floor2,TypeC
1078,2025-04-06 05:13:48,34.19,55.77,BuildingA_Floor1,TypeC
1007,2025-04-03 12:23:06,28.07,54.69,BuildingA_Floor1,TypeC
1058,2025-04-05 11:17:11,28.07,58.83,BuildingA_Floor2,TypeC
1010,2025-04-03 16:21:27,21.14,40.14,BuildingA_Floor2,TypeA
1075,2025-04-06 11:57:30,15.38,57.37,BuildingB_Floor1,TypeC
1003,2025-04-03 11:54:27,15.53,39.03,BuildingB_Floor2,TypeB
1003,2025-04-07 10:53:51,30.46,46.98,BuildingA_Floor1,TypeB
1047,2025-04-02 22:23:36,20.75,37.1,BuildingB_Floor2,TypeC
1001,2025-04-06 06:31:58,26.06,60.38,BuildingA_Floor2,TypeB
1005,2025-04-03 12:37:59,25.05,59.83,BuildingA_Floor2,TypeC
1004,2025-04-04 13:14:15,32.31,59.13,BuildingB_Floor2,TypeB
1038,2025-04-05 00:45:24,31.18,41.65,BuildingB_Floor1,TypeC
1046,2025-04-07 10:56:05,24.54,62.55,BuildingA_Floor2,TypeA
1035,2025-04-06 12:45:11,18.87,35.99,BuildingB_Floor1,TypeB
1047,2025-04-05 02:45:34,25.34,70.89,BuildingA_Floor1,TypeA
1095,2025-04-04 21:47:53,15.65,50.41,BuildingA_Floor2,TypeC
1036,2025-04-06 17:22:48,21.46,75.02,BuildingB_Floor1,TypeB
1068,2025-04-03 02:29:17,33.61,47.71,BuildingB_Floor1,TypeB
1056,2025-04-03 22:03:52,15.63,53.97,BuildingB_Floor2,TypeA
1085,2025-04-07 12:03:41,26.24,30.34,BuildingB_Floor2,TypeB
1094,2025-04-05 07:38:56,30.05,63.83,BuildingB_Floor2,TypeB
1059,2025-04-06 21:59:36,25.0,53.7,BuildingB_Floor1,TypeB
1065,2025-04-04 11:37:00,19.74,62.04,BuildingB_Floor1,TypeB
1100,2025-04-05 18:42:29,31.93,48.64,BuildingA_Floor1,TypeC
1070,2025-04-03 23:27:32,26.61,59.8,BuildingA_Floor2,TypeB
1095,2025-04-04 19:57:51,31.9,58.39,BuildingB_Floor2,TypeB
1090,2025-04-06 20:56:38,30.53,40.57,BuildingB_Floor2,TypeA
1083,2025-04-07 02:42:05,17.43,63.18,BuildingA_Floor1,TypeC
1064,2025-04-05 18:24:21,34.02,41.87,BuildingA_Floor2,TypeC
1092,2025-04-05 14:07:30,20.28,58.37,BuildingA_Floor1,TypeA
1034,2025-04-05 22:11:06,18.3,36.48,BuildingB_Floor2,TypeA
1022,2025-04-07 03:27:16,32.64,36.57,BuildingB_Floor2,TypeB
1062,2025-04-03 16:58:49,18.85,42.84,BuildingA_Floor2,TypeA
1043,2025-04-04 23:37:37,17.88,77.02,BuildingA_Floor1,TypeA
1096,2025-04-06 21:19:36,27.14,31.03,BuildingB_Floor2,TypeC
1009,2025-04-04 15:02:00,17.27,47.3,BuildingB_Floor1,TypeC
1048,2025-04-05 08:48:41,32.25,50.47,BuildingB_Floor2,TypeB
1021,2025-04-03 18:21:22,22.46,62.62,BuildingB_Floor2,TypeC
1042,2025-04-04 23:07:28,34.99,56.86,BuildingA_Floor1,TypeB
1040,2025-04-05 23:00:34,16.45,57.8,BuildingA_Floor1,TypeC
1045,2025-04-03 07:15:34,27.79,45.45,BuildingB_Floor1,TypeC
1042,2025-04-03 08:05:02,31.42,70.57,BuildingA_Floor2,TypeC
1100,2025-04-07 07:45:37,27.7,43.19,BuildingA_Floor2,TypeA
1054,2025-04-03 16:34:05,22.33,73.95,BuildingA_Floor2,TypeC
1050,2025-04-03 13:01:40,26.55,35.14,BuildingB_Floor1,TypeB
1005,2025-04-02 18:44:37,24.89,65.25,BuildingB_Floor1,TypeA
1100,2025-04-07 11:38:12,34.75,67.42,BuildingA_Floor1,TypeA
1056,2025-04-03 02:16:50,24.84,54.8,BuildingA_Floor2,TypeA
1073,2025-04-07 04:10:44,33.74,75.93,BuildingB_Floor1,TypeC
1072,2025-04-05 19:46:46,15.81,41.3,BuildingA_Floor1,TypeA
1097,2025-04-05 18:08:09,29.51,40.33,BuildingA_Floor2,TypeB
1088,2025-04-07 10:22:21,33.99,48.45,BuildingB_Floor1,TypeB
1045,2025-04-07 08:24:11,19.75,69.03,BuildingB_Floor1,TypeB
1056,2025-04-04 11:54:49,20.26,41.02,BuildingB_Floor1,TypeB
1053,2025-04-03 01:26:02,32.05,37.21,BuildingA_Floor2,TypeB
1026,2025-04-06 04:10:19,27.2,47.74,BuildingB_Floor2,TypeA
1022,2025-04-04 08:16:04,20.32,60.65,BuildingA_Floor1,TypeC
1013,2025-04-04 07:33:18,33.17,73.78,BuildingA_Floor1,TypeA
1026,2025-04-03 09:07:41,31.83,76.85,BuildingA_Floor1,TypeA
1014,2025-04-05 13:40:57,22.74,36.6,BuildingA_Floor1,TypeA
1033,2025-04-07 02:49:44,18.69,57.42,BuildingA_Floor2,TypeB
1062,2025-04-02 23:11:46,21.4,39.41,BuildingB_Floor1,TypeC
1047,2025-04-05 20:50:56,17.19,70.46,BuildingB_Floor1,TypeB
1091,2025-04-03 06:51:38,25.62,61.63,BuildingB_Floor2,TypeA
1035,2025-04-05 07:31:01,22.03,45.1,BuildingA_Floor2,TypeB
1090,2025-04-02 21:09:37,25.9,67.84,BuildingA_Floor2,TypeA
1053,2025-04-04 00:01:22,28.87,30.25,BuildingA_Floor2,TypeB
1011,2025-04-06 20:45:12,24.41,50.72,BuildingB_Floor2,TypeC
1023,2025-04-04 00:25:23,17.68,64.8,BuildingB_Floor2,TypeA
1074,2025-04-03 04:29:10,21.91,36.69,BuildingA_Floor1,TypeB
1046,2025-04-07 12:14:23,26.62,41.18,BuildingB_Floor2,TypeC
1090,2025-04-03 13:52:38,19.14,38.86,BuildingA_Floor2,TypeC
1057,2025-04-03 10:34:41,21.3,44.94,BuildingA_Floor1,TypeA
1065,2025-04-05 01:35:09,33.6,34.64,BuildingA_Floor2,TypeA
1063,2025-04-07 15:44:07,15.46,41.62,BuildingA_Floor1,TypeA
1039,2025-04-07 03:06:53,23.67,48.83,BuildingB_Floor2,TypeC
1059,2025-04-06 19:03:05,23.02,67.33,BuildingB_Floor2,TypeB
1098,2025-04-04 22:01:02,26.19,75.32,BuildingB_Floor1,TypeC
1058,2025-04-05 14:36:17,33.43,48.71,BuildingB_Floor1,TypeA
1069,2025-04-02 22:38:48,17.52,51.84,BuildingA_Floor2,TypeC
1016,2025-04-03 04:33:37,20.04,54.54,BuildingB_Floor2,TypeB
1068,2025-04-06 05:49:05,28.66,73.84,BuildingB_Floor2,TypeB
1087,2025-04-03 23:22:48,16.24,35.95,BuildingB_Floor2,TypeC
1070,2025-04-06 13:48:57,23.3,56.85,BuildingB_Floor1,TypeC
1010,2025-04-07 06:07:04,27.16,77.02,BuildingB_Floor2,TypeA
1071,2025-04-07 06:42:25,32.1,44.26,BuildingB_Floor2,TypeC
1072,2025-04-06 14:32:49,31.02,34.65,BuildingA_Floor1,TypeC
1079,2025-04-03 21:28:19,19.96,32.42,BuildingA_Floor2,TypeA
1065,2025-04-03 16:15:28,17.32,59.53,BuildingA_Floor2,TypeB
1010,2025-04-04 12:15:33,27.66,72.83,BuildingB_Floor1,TypeC
1083,2025-04-04 05:53:08,25.45,38.75,BuildingA_Floor2,TypeC
1062,2025-04-04 14:11:22,24.26,58.09,BuildingB_Floor1,TypeB
1037,2025-04-04 02:57:42,21.83,31.89,BuildingB_Floor2,TypeB
1068,2025-04-06 00:14:25,21.12,39.85,BuildingB_Floor1,TypeB
1016,2025-04-07 16:44:48,28.56,52.11,BuildingB_Floor1,TypeC
1054,2025-04-06 02:30:36,30.08,69.68,BuildingB_Floor1,TypeB
1055,2025-04-04 09:52:16,32.15,35.74,BuildingA_Floor1,TypeB
1015,2025-04-05 17:28:21,29.28,72.14,BuildingA_Floor2,TypeC
1073,2025-04-03 12:10:25,32.75,39.41,BuildingA_Floor2,TypeB
1086,2025-04-04 20:00:17,32.34,56.31,BuildingA_Floor2,TypeB
1002,2025-04-06 19:57:16,20.4,31.39,BuildingA_Floor2,TypeB
1011,2025-04-03 12:54:23,34.1,53.26,BuildingA_Floor1,TypeC
1030,2025-04-06 07:02:53,33.05,31.74,BuildingB_Floor1,TypeB
1066,2025-04-07 01:25:20,15.9,42.39,BuildingB_Floor1,TypeA
1057,2025-04-02 21:28:28,16.82,66.88,BuildingA_Floor2,TypeB
1028,2025-04-07 07:18:44,22.89,40.34,BuildingB_Floor2,TypeC
1093,2025-04-04 19:03:53,34.9,35.07,BuildingA_Floor1,TypeB
1037,2025-04-03 00:05:02,34.01,37.19,BuildingA_Floor2,TypeC
1013,2025-04-04 05:19:14,26.9,32.52,BuildingA_Floor1,TypeB
1009,2025-04-05 03:03:59,18.65,67.16,BuildingA_Floor2,TypeC
1094,2025-04-04 21:39:38,28.48,77.29,BuildingA_Floor2,TypeB
1001,2025-04-03 09:45:00,20.44,50.87,BuildingB_Floor2,TypeA
1079,2025-04-05 04:03:55,25.94,55.37,BuildingB_Floor1,TypeB
1080,2025-04-02 22:37:34,30.39,46.6,BuildingA_Floor2,TypeB
1058,2025-04-03 05:05:12,32.93,59.11,BuildingA_Floor1,TypeB
1042,2025-04-05 14:53:44,25.93,73.09,BuildingA_Floor1,TypeC
1039,2025-04-07 04:23:56,18.64,60.42,BuildingB_Floor1,TypeA
1092,2025-04-05 20:49:01,27.32,49.58,BuildingB_Floor1,TypeB
1012,2025-04-03 20:45:34,20.87,32.08,BuildingB_Floor2,TypeB
1099,2025-04-02 19:55:24,34.89,58.86,BuildingA_Floor1,TypeB
1064,2025-04-06 22:12:20,21.85,38.38,BuildingB_Floor1,TypeB
1002,2025-04-07 12:39:10,34.78,73.86,BuildingB_Floor2,TypeA
1007,2025-04-07 07:16:14,27.29,49.78,BuildingA_Floor1,TypeC
1070,2025-04-04 20:26:23,16.4,45.15,BuildingA_Floor2,TypeB
1027,2025-04-07 12:32:30,22.41,76.81,BuildingB_Floor2,TypeB
1096,2025-04-05 00:31:12,32.39,73.55,BuildingA_Floor2,TypeA
1035,2025-04-04 02:48:06,32.55,49.27,BuildingB_Floor2,TypeA
1038,2025-04-06 01:33:14,30.2,31.72,BuildingA_Floor2,TypeC
1059,2025-04-04 13:00:38,30.27,54.54,BuildingB_Floor2,TypeB
1071,2025-04-07 07:26:50,30.78,61.32,BuildingA_Floor1,TypeC
1078,2025-04-06 20:23:41,17.98,73.52,BuildingA_Floor1,TypeA
1068,2025-04-04 19:49:00,28.67,74.0,BuildingA_Floor1,TypeC
1084,2025-04-05 19:54:11,22.53,54.7,BuildingA_Floor1,TypeA
1093,2025-04-05 13:14:08,15.84,34.12,BuildingA_Floor1,TypeC
1049,2025-04-04 04:39:30,24.36,67.83,BuildingB_Floor1,TypeB
1012,2025-04-05 00:23:45,21.54,52.76,BuildingA_Floor1,TypeB
1080,2025-04-03 21:06:14,23.53,55.54,BuildingB_Floor2,TypeC
1047,2025-04-03 16:27:33,27.66,48.71,BuildingA_Floor1,TypeC
1079,2025-04-06 06:53:30,25.67,70.09,BuildingA_Floor2,TypeC
1018,2025-04-05 09:05:41,22.91,40.54,BuildingA_Floor2,TypeA
1042,2025-04-05 21:10:08,30.33,53.58,BuildingB_Floor2,TypeB
1042,2025-04-06 13:17:16,21.61,61.82,BuildingB_Floor2,TypeA
1067,2025-04-07 07:20:37,27.34,58.55,BuildingA_Floor2,TypeB
1036,2025-04-03 16:24:13,27.14,50.62,BuildingA_Floor2,TypeC
1021,2025-04-04 22:15:19,20.82,65.6,BuildingA_Floor2,TypeA
1027,2025-04-03 02:12:10,27.52,56.48,BuildingA_Floor2,TypeA
1075,2025-04-03 23:27:09,23.39,69.55,BuildingA_Floor2,TypeC
1040,2025-04-07 06:44:01,33.26,69.19,BuildingA_Floor2,TypeB
1010,2025-04-02 23:45:14,21.56,59.13,BuildingB_Floor2,TypeA
1085,2025-04-05 22:04:21,23.25,34.24,BuildingB_Floor1,TypeC
1051,2025-04-06 13:31:20,22.77,44.97,BuildingA_Floor2,TypeB
1043,2025-04-05 02:04:17,30.74,74.11,BuildingA_Floor2,TypeC
1083,2025-04-05 10:00:50,18.28,31.95,BuildingA_Floor1,TypeC
1098,2025-04-06 13:13:58,22.47,77.81,BuildingB_Floor1,TypeB
1044,2025-04-02 18:44:35,32.27,40.71,BuildingB_Floor1,TypeA
1058,2025-04-03 18:33:35,31.23,55.75,BuildingB_Floor2,TypeB
1081,2025-04-05 22:47:16,21.72,39.85,BuildingB_Floor2,TypeA
1009,2025-04-03 09:45:39,16.49,64.92,BuildingA_Floor2,TypeC
1050,2025-04-07 10:29:19,18.54,36.53,BuildingA_Floor2,TypeA
1097,2025-04-05 04:53:47,25.51,47.65,BuildingB_Floor1,TypeC
1088,2025-04-06 15:09:30,25.2,45.66,BuildingA_Floor2,TypeA
1088,2025-04-04 09:22:22,15.09,62.31,BuildingB_Floor1,TypeA
1076,2025-04-04 07:45:35,29.06,44.22,BuildingB_Floor1,TypeA
1055,2025-04-07 10:05:49,18.69,52.34,BuildingB_Floor1,TypeC
1013,2025-04-03 11:47:16,33.53,31.09,BuildingB_Floor1,TypeB
1018,2025-04-04 19:43:44,32.23,72.74,BuildingB_Floor1,TypeC
1046,2025-04-02 18:51:45,28.61,78.49,BuildingB_Floor1,TypeC
1073,2025-04-02 22:15:48,21.51,71.81,BuildingB_Floor1,TypeA
1040,2025-04-04 11:01:44,19.19,71.22,BuildingB_Floor2,TypeC
1020,2025-04-06 04:29:06,18.87,33.02,BuildingB_Floor2,TypeB
1078,2025-04-07 00:56:26,22.74,31.77,BuildingA_Floor2,TypeB
1076,2025-04-06 12:26:47,20.72,38.24,BuildingB_Floor1,TypeB
1058,2025-04-03 04:27:22,19.58,53.72,BuildingB_Floor2,TypeC
1099,2025-04-07 12:49:38,29.48,50.38,BuildingB_Floor2,TypeA
1019,2025-04-05 14:10:34,29.34,57.85,BuildingA_Floor1,TypeA
1049,2025-04-03 07:28:48,16.51,72.62,BuildingB_Floor1,TypeA
1007,2025-04-04 01:17:13,20.78,62.94,BuildingB_Floor1,TypeA
1093,2025-04-02 19:46:41,20.24,67.52,BuildingB_Floor1,TypeB
1066,2025-04-03 11:49:43,20.5,78.24,BuildingA_Floor1,TypeC
1035,2025-04-05 20:05:10,33.66,40.62,BuildingB_Floor1,TypeA
1084,2025-04-03 01:59:12,27.44,61.65,BuildingA_Floor2,TypeB
1083,2025-04-05 08:15:15,33.28,38.65,BuildingB_Floor2,TypeA
1095,2025-04-06 03:39:39,18.89,32.82,BuildingB_Floor1,TypeA
1020,2025-04-03 16:57:31,29.42,43.79,BuildingB_Floor1,TypeA
1091,2025-04-04 02:25:53,31.39,78.2,BuildingB_Floor2,TypeB
1044,2025-04-06 09:24:08,28.52,62.16,BuildingA_Floor2,TypeC
1021,2025-04-03 01:55:10,15.47,58.64,BuildingA_Floor1,TypeB
1074,2025-04-04 21:38:58,22.29,73.84,BuildingB_Floor2,TypeB
1071,2025-04-04 06:05:08,22.24,34.39,BuildingB_Floor2,TypeC
1008,2025-04-03 05:12:23,34.55,66.18,BuildingA_Floor1,TypeA
1003,2025-04-05 11:45:22,22.91,75.62,BuildingB_Floor1,TypeA
1031,2025-04-05 15:16:46,24.95,57.94,BuildingA_Floor2,TypeB
1054,2025-04-03 21:44:01,29.64,57.54,BuildingA_Floor2,TypeB
1050,2025-04-07 06:59:22,33.86,40.15,BuildingA_Floor1,TypeB
1056,2025-04-06 23:24:13,28.75,37.4,BuildingA_Floor1,TypeA
1034,2025-04-03 08:01:03,28.47,33.92,BuildingB_Floor2,TypeA
1084,2025-04-05 00:05:16,15.63,55.67,BuildingA_Floor1,TypeC
1097,2025-04-05 00:49:00,33.91,45.97,BuildingA_Floor1,TypeC
1029,2025-04-04 13:34:29,27.73,43.63,BuildingB_Floor1,TypeA
1023,2025-04-05 05:55:53,33.75,60.53,BuildingB_Floor1,TypeC
1092,2025-04-05 16:07:58,21.21,74.44,BuildingA_Floor2,TypeC
1054,2025-04-06 05:42:29,19.01,43.05,BuildingB_Floor2,TypeC
1039,2025-04-04 13:15:49,21.81,77.31,BuildingB_Floor1,TypeC
1029,2025-04-07 03:01:00,26.89,40.88,BuildingB_Floor1,TypeC
1016,2025-04-07 18:05:49,19.23,46.5,BuildingB_Floor2,TypeA
1052,2025-04-05 05:44:58,31.18,59.12,BuildingB_Floor1,TypeB
1051,2025-04-04 21:29:54,22.85,73.09,BuildingB_Floor2,TypeC
1042,2025-04-04 15:45:36,34.66,48.65,BuildingB_Floor2,TypeA
1024,2025-04-05 11:02:31,32.24,79.12,BuildingB_Floor2,TypeC
1075,2025-04-03 18:41:48,31.36,44.71,BuildingA_Floor1,TypeB
1041,2025-04-07 15:15:26,30.65,66.37,BuildingA_Floor2,TypeA
1079,2025-04-04 07:27:40,15.12,75.48,BuildingB_Floor1,TypeB
1069,2025-04-03 21:28:12,22.63,64.66,BuildingA_Floor2,TypeC
1024,2025-04-04 05:28:15,22.77,67.48,BuildingA_Floor2,TypeC
1011,2025-04-03 11:00:51,17.92,57.29,BuildingB_Floor2,TypeB
1047,2025-04-06 08:21:05,33.46,65.09,BuildingA_Floor1,TypeB
1006,2025-04-07 14:12:49,33.46,40.13,BuildingA_Floor1,TypeB
1080,2025-04-04 12:22:58,18.19,78.68,BuildingB_Floor1,TypeC
1047,2025-04-04 09:16:26,15.45,41.66,BuildingA_Floor2,TypeA
1097,2025-04-03 21:57:37,27.31,78.28,BuildingB_Floor1,TypeB
1054,2025-04-06 14:40:21,20.82,45.54,BuildingA_Floor2,TypeB
1042,2025-04-06 21:04:37,18.25,62.62,BuildingA_Floor1,TypeC
1014,2025-04-03 06:18:50,19.09,47.7,BuildingA_Floor2,TypeB
1081,2025-04-06 16:21:47,34.07,34.58,BuildingA_Floor1,TypeC
1058,2025-04-02 23:03:55,25.06,75.9,BuildingB_Floor2,TypeC
1010,2025-04-07 01:48:04,34.77,77.13,BuildingB_Floor2,TypeA
1071,2025-04-02 21:16:05,29.64,60.63,BuildingA_Floor2,TypeB
1054,2025-04-07 04:36:13,22.57,32.99,BuildingA_Floor2,TypeB
1065,2025-04-05 23:46:52,22.94,76.44,BuildingB_Floor2,TypeB
1039,2025-04-03 00:29:22,23.72,74.7,BuildingB_Floor1,TypeA
1074,2025-04-06 05:51:24,29.37,63.42,BuildingA_Floor1,TypeC
1010,2025-04-04 15:34:45,15.41,77.66,BuildingB_Floor2,TypeC
1065,2025-04-03 02:54:40,30.09,74.94,BuildingA_Floor1,TypeB
1009,2025-04-06 10:30:29,16.43,79.95,BuildingB_Floor2,TypeA
1021,2025-04-04 06:50:09,18.34,33.54,BuildingA_Floor2,TypeA
1032,2025-04-07 18:11:37,34.29,69.7,BuildingB_Floor1,TypeB
1062,2025-04-03 04:02:02,31.72,65.29,BuildingA_Floor1,TypeC
1098,2025-04-07 04:55:04,25.99,37.9,BuildingB_Floor2,TypeA
1094,2025-04-06 00:50:16,22.88,67.54,BuildingB_Floor1,TypeA
1063,2025-04-07 10:42:12,32.8,34.38,BuildingA_Floor2,TypeC
1078,2025-04-06 14:59:37,20.02,38.49,BuildingB_Floor2,TypeC
1006,2025-04-04 05:50:15,33.98,60.16,BuildingA_Floor1,TypeB
1049,2025-04-05 23:04:15,26.6,52.35,BuildingA_Floor1,TypeA
1028,2025-04-03 22:39:18,22.69,30.02,BuildingA_Floor1,TypeC
1089,2025-04-05 07:35:53,33.56,47.51,BuildingA_Floor1,TypeA
1067,2025-04-07 07:55:58,22.95,47.04,BuildingA_Floor2,TypeB
1001,2025-04-03 19:41:37,16.88,33.82,BuildingB_Floor2,TypeC
1032,2025-04-03 13:42:11,32.58,72.76,BuildingA_Floor1,TypeB
1030,2025-04-03 01:06:40,26.81,59.62,BuildingA_Floor2,TypeB
1012,2025-04-03 17:31:38,31.46,40.72,BuildingB_Floor1,TypeA
1021,2025-04-04 05:53:05,18.18,69.19,BuildingB_Floor1,TypeC
1031,2025-04-04 13:58:46,17.08,56.57,BuildingA_Floor1,TypeA
1041,2025-04-03 15:55:11,31.01,34.18,BuildingB_Floor1,TypeC
1091,2025-04-02 22:33:50,22.93,74.19,BuildingB_Floor1,TypeC
1053,2025-04-07 16:56:06,19.97,33.63,BuildingB_Floor1,TypeB
1003,2025-04-03 14:24:32,30.95,38.38,BuildingB_Floor1,TypeC
1029,2025-04-06 21:03:25,18.92,38.57,BuildingA_Floor2,TypeB
1084,2025-04-05 07:04:41,28.96,64.51,BuildingA_Floor1,TypeA
1005,2025-04-06 20:37:43,23.59,55.01,BuildingB_Floor1,TypeB
1000,2025-04-03 17:18:44,17.19,72.25,BuildingA_Floor2,TypeC
1074,2025-04-05 16:22:52,27.84,79.8,BuildingA_Floor2,TypeA
1098,2025-04-03 14:11:32,31.44,70.33,BuildingA_Floor1,TypeB
1064,2025-04-03 14:45:39,18.21,43.41,BuildingA_Floor2,TypeA
1069,2025-04-03 00:13:56,19.3,59.68,BuildingA_Floor2,TypeB
1071,2025-04-07 09:12:46,25.55,71.83,BuildingB_Floor2,TypeA
1065,2025-04-04 10:08:56,19.55,78.44,BuildingB_Floor2,TypeB
1022,2025-04-05 19:30:53,25.81,35.95,BuildingB_Floor1,TypeA
1038,2025-04-06 12:18:08,29.73,51.59,BuildingB_Floor2,TypeC
1016,2025-04-07 18:19:47,22.57,32.45,BuildingA_Floor1,TypeB
1038,2025-04-02 22:32:17,28.71,50.23,BuildingA_Floor2,TypeA
1044,2025-04-06 13:38:25,15.35,35.48,BuildingA_Floor1,TypeB
1007,2025-04-07 11:20:06,24.45,48.76,BuildingA_Floor2,TypeC
1085,2025-04-03 07:15:41,19.9,71.05,BuildingB_Floor2,TypeC
1085,2025-04-05 04:50:32,20.97,79.24,BuildingB_Floor2,TypeB
1008,2025-04-04 22:51:12,25.36,69.37,BuildingA_Floor1,TypeB
1060,2025-04-05 08:51:04,20.64,64.36,BuildingB_Floor2,TypeC
1015,2025-04-06 05:12:37,28.32,40.41,BuildingA_Floor2,TypeC
1020,2025-04-07 07:38:07,34.84,63.16,BuildingA_Floor2,TypeA
1020,2025-04-03 05:21:59,34.98,75.79,BuildingB_Floor2,TypeA
1089,2025-04-04 21:02:19,28.85,76.02,BuildingB_Floor2,TypeC
1038,2025-04-03 07:36:11,30.19,76.39,BuildingA_Floor2,TypeB
1024,2025-04-03 05:16:48,26.27,68.75,BuildingB_Floor1,TypeA
1099,2025-04-03 04:25:21,26.94,53.33,BuildingA_Floor1,TypeC
1096,2025-04-03 12:15:47,22.9,49.02,BuildingA_Floor2,TypeA
1041,2025-04-07 05:37:24,26.76,32.77,BuildingA_Floor2,TypeA
1042,2025-04-07 06:55:30,25.9,72.26,BuildingB_Floor1,TypeC
1024,2025-04-07 02:11:27,17.12,66.58,BuildingA_Floor1,TypeB
1075,2025-04-05 13:17:15,20.48,39.29,BuildingA_Floor1,TypeB
1087,2025-04-03 12:44:02,32.66,65.0,BuildingA_Floor2,TypeB
1061,2025-04-07 02:57:39,30.11,56.58,BuildingB_Floor1,TypeC
1093,2025-04-03 10:16:34,33.78,79.35,BuildingA_Floor2,TypeA
1081,2025-04-04 05:08:50,25.53,75.89,BuildingB_Floor1,TypeB
1062,2025-04-06 00:29:03,29.12,60.63,BuildingB_Floor2,TypeC
1031,2025-04-06 01:58:12,27.22,35.9,BuildingB_Floor1,TypeB
1009,2025-04-03 01:45:08,32.19,44.7,BuildingA_Floor1,TypeA
1041,2025-04-05 14:44:09,26.84,65.89,BuildingB_Floor1,TypeC
1021,2025-04-04 23:52:12,17.94,31.52,BuildingA_Floor2,TypeB
1099,2025-04-04 13:59:16,25.72,66.29,BuildingB_Floor1,TypeC
1081,2025-04-05 15:54:21,24.29,45.9,BuildingA_Floor1,TypeA
1077,2025-04-04 02:52:05,21.7,65.16,BuildingB_Floor1,TypeC
1086,2025-04-06 10:18:53,16.7,57.57,BuildingB_Floor2,TypeA
1087,2025-04-05 11:56:06,30.5,30.02,BuildingB_Floor2,TypeA
1021,2025-04-06 21:15:09,29.67,59.28,BuildingA_Floor2,TypeC
1017,2025-04-07 07:19:31,24.85,51.77,BuildingA_Floor2,TypeC
1075,2025-04-03 00:02:15,18.46,34.13,BuildingA_Floor1,TypeB
1012,2025-04-04 04:53:00,25.74,71.36,BuildingA_Floor2,TypeB
1025,2025-04-07 00:52:17,19.6,39.95,BuildingA_Floor1,TypeB
1033,2025-04-05 17:16:52,26.66,65.68,BuildingA_Floor2,TypeA
1038,2025-04-07 09:48:14,26.86,64.29,BuildingB_Floor2,TypeA
1099,2025-04-02 22:55:13,25.92,41.67,BuildingB_Floor1,TypeC
1000,2025-04-07 02:09:43,22.93,57.2,BuildingB_Floor1,TypeB
1080,2025-04-05 06:45:02,15.23,53.74,BuildingB_Floor2,TypeA
1005,2025-04-02 21:45:57,32.29,75.69,BuildingA_Floor2,TypeB
1075,2025-04-03 09:15:37,19.93,30.83,BuildingB_Floor1,TypeC
1093,2025-04-04 03:14:15,15.19,72.71,BuildingA_Floor2,TypeB
1026,2025-04-07 06:26:26,24.0,41.1,BuildingA_Floor1,TypeC
1012,2025-04-06 18:12:18,16.27,56.12,BuildingA_Floor2,TypeB
1089,2025-04-04 16:57:59,17.7,62.18,BuildingA_Floor2,TypeC
1020,2025-04-06 03:26:57,25.53,73.59,BuildingB_Floor1,TypeB
1059,2025-04-03 17:07:35,31.13,38.13,BuildingA_Floor1,TypeA
1091,2025-04-06 16:17:03,20.96,33.1,BuildingA_Floor2,TypeA
1061,2025-04-04 14:35:23,25.18,72.67,BuildingA_Floor1,TypeC
1029,2025-04-03 02:21:20,26.19,50.31,BuildingB_Floor1,TypeB
1082,2025-04-03 03:19:21,23.39,56.46,BuildingA_Floor1,TypeC
1021,2025-04-02 21:27:54,24.23,71.85,BuildingA_Floor1,TypeC
1060,2025-04-02 23:27:06,20.39,76.0,BuildingB_Floor1,TypeC
1010,2025-04-03 20:49:38,21.4,53.16,BuildingA_Floor2,TypeB
1073,2025-04-05 09:25:08,18.74,44.97,BuildingB_Floor2,TypeB
1051,2025-04-03 06:46:33,27.28,46.22,BuildingB_Floor1,TypeB
1094,2025-04-07 07:06:05,29.66,41.18,BuildingB_Floor2,TypeB
1016,2025-04-04 19:49:09,29.47,75.29,BuildingA_Floor1,TypeB
1009,2025-04-05 13:37:53,28.34,51.98,BuildingB_Floor2,TypeC
1022,2025-04-03 09:49:22,15.52,79.11,BuildingA_Floor2,TypeB
1003,2025-04-04 09:33:33,27.92,32.45,BuildingA_Floor1,TypeB
1098,2025-04-05 20:01:43,25.24,31.43,BuildingA_Floor2,TypeC
1075,2025-04-03 02:42:20,20.33,79.42,BuildingB_Floor2,TypeC
1009,2025-04-03 07:39:39,19.89,59.5,BuildingA_Floor2,TypeC
1083,2025-04-04 15:46:45,19.43,73.71,BuildingB_Floor1,TypeC
1005,2025-04-06 08:09:22,33.82,44.58,BuildingA_Floor2,TypeA
1054,2025-04-04 18:02:29,29.99,47.5,BuildingB_Floor2,TypeC
1017,2025-04-06 18:42:48,28.79,49.7,BuildingA_Floor2,TypeA
1002,2025-04-06 19:57:54,30.14,40.41,BuildingA_Floor1,TypeC
1014,2025-04-03 22:51:29,19.03,43.83,BuildingA_Floor1,TypeB
1015,2025-04-04 02:00:26,19.71,68.34,BuildingA_Floor2,TypeC
1097,2025-04-06 08:47:19,21.9,67.43,BuildingA_Floor1,TypeA
1047,2025-04-04 02:04:46,20.35,46.83,BuildingA_Floor1,TypeC
1094,2025-04-04 09:06:55,31.08,71.73,BuildingB_Floor1,TypeB
1030,2025-04-06 07:23:23,17.09,30.97,BuildingA_Floor2,TypeA
1093,2025-04-06 13:10:41,29.3,36.47,BuildingA_Floor2,TypeA
1010,2025-04-07 11:17:06,34.35,50.81,BuildingA_Floor1,TypeA
1058,2025-04-05 10:36:25,19.49,45.63,BuildingA_Floor2,TypeB
1009,2025-04-06 07:53:01,22.3,55.94,BuildingB_Floor1,TypeB
1042,2025-04-02 20:23:33,32.56,54.79,BuildingA_Floor2,TypeC
1005,2025-04-05 05:17:47,27.56,60.87,BuildingB_Floor2,TypeB
1008,2025-04-07 07:02:42,25.05,38.68,BuildingB_Floor2,TypeC
1068,2025-04-06 09:39:55,22.28,65.71,BuildingA_Floor1,TypeB
1043,2025-04-03 11:37:35,31.5,32.59,BuildingA_Floor2,TypeA
1001,2025-04-04 20:45:59,25.07,58.01,BuildingA_Floor2,TypeC
1073,2025-04-06 16:04:53,28.3,39.85,BuildingA_Floor2,TypeA
1018,2025-04-07 02:18:07,23.93,74.35,BuildingA_Floor2,TypeA
1061,2025-04-07 18:01:02,34.96,37.11,BuildingA_Floor1,TypeC
1094,2025-04-04 07:25:41,30.15,64.55,BuildingB_Floor2,TypeC
1075,2025-04-07 04:07:50,33.03,58.65,BuildingA_Floor1,TypeA
1059,2025-04-06 08:23:35,33.38,53.95,BuildingB_Floor2,TypeB
1081,2025-04-04 12:12:38,30.45,40.88,BuildingB_Floor2,TypeB
1022,2025-04-06 14:29:52,16.34,51.85,BuildingA_Floor2,TypeA
1036,2025-04-03 15:08:48,17.87,34.5,BuildingA_Floor2,TypeA
1062,2025-04-07 00:39:26,34.61,53.51,BuildingA_Floor2,TypeC
1003,2025-04-05 20:29:15,24.43,48.99,BuildingA_Floor2,TypeA
1064,2025-04-04 04:37:17,17.16,56.03,BuildingB_Floor2,TypeB
1094,2025-04-06 19:16:28,17.75,45.54,BuildingA_Floor1,TypeC
1024,2025-04-05 17:59:15,24.3,63.36,BuildingA_Floor1,TypeB
1040,2025-04-06 18:52:49,31.32,60.61,BuildingB_Floor2,TypeA
1012,2025-04-04 20:19:35,28.77,39.75,BuildingB_Floor2,TypeA
1051,2025-04-05 07:46:05,18.2,40.36,BuildingB_Floor1,TypeA
1096,2025-04-06 03:13:26,27.11,47.42,BuildingA_Floor1,TypeA
1076,2025-04-05 02:19:46,29.76,47.89,BuildingB_Floor2,TypeC
1045,2025-04-05 17:12:20,20.84,41.2,BuildingA_Floor1,TypeC
1091,2025-04-06 15:09:05,28.85,53.13,BuildingB_Floor2,TypeA
1040,2025-04-06 18:25:59,15.75,73.93,BuildingA_Floor2,TypeB
1026,2025-04-04 14:53:23,32.35,56.35,BuildingB_Floor1,TypeC
1061,2025-04-05 02:56:45,17.84,55.81,BuildingA_Floor1,TypeA
1057,2025-04-04 04:53:45,23.87,41.41,BuildingB_Floor1,TypeA
1016,2025-04-04 06:49:26,23.47,74.48,BuildingB_Floor2,TypeA
1084,2025-04-03 19:50:40,15.99,31.38,BuildingA_Floor1,TypeC
1091,2025-04-03 05:56:41,32.37,78.78,BuildingA_Floor2,TypeB
1092,2025-04-03 08:35:50,27.53,67.05,BuildingA_Floor2,TypeA
1035,2025-04-05 06:06:30,27.8,55.94,BuildingA_Floor1,TypeA
1096,2025-04-04 20:43:34,28.43,63.5,BuildingA_Floor2,TypeC
1025,2025-04-02 20:34:52,31.7,79.72,BuildingA_Floor2,TypeB
1015,2025-04-06 06:54:24,17.45,71.05,BuildingB_Floor1,TypeB
1042,2025-04-04 07:28:03,31.14,41.08,BuildingA_Floor2,TypeC
1100,2025-04-02 22:37:53,24.5,73.34,BuildingA_Floor1,TypeA
1008,2025-04-04 15:44:59,18.11,72.21,BuildingB_Floor1,TypeA
1034,2025-04-04 15:08:31,32.71,36.28,BuildingB_Floor2,TypeA
1050,2025-04-05 16:35:00,15.96,36.87,BuildingB_Floor1,TypeA
1003,2025-04-02 21:14:23,21.44,70.62,BuildingA_Floor2,TypeB
1085,2025-04-04 05:21:56,20.65,58.35,BuildingB_Floor1,TypeC
1027,2025-04-07 01:17:58,24.42,52.38,BuildingA_Floor2,TypeA
1029,2025-04-07 04:58:06,21.44,33.76,BuildingB_Floor1,TypeC
1090,2025-04-03 15:49:52,24.55,70.38,BuildingB_Floor2,TypeC
1003,2025-04-06 13:50:34,27.45,71.61,BuildingB_Floor2,TypeB
1089,2025-04-03 16:08:30,32.18,51.37,BuildingA_Floor1,TypeC
1088,2025-04-04 08:53:12,18.66,54.51,BuildingA_Floor1,TypeB
1078,2025-04-04 11:31:54,25.36,66.5,BuildingA_Floor2,TypeC
1017,2025-04-04 10:55:26,31.69,40.53,BuildingA_Floor1,TypeA
1026,2025-04-03 07:40:05,34.91,53.16,BuildingB_Floor2,TypeA
1032,2025-04-03 18:04:32,33.89,52.6,BuildingA_Floor2,TypeA
1049,2025-04-04 02:56:37,30.64,32.44,BuildingA_Floor2,TypeC
1019,2025-04-05 08:04:16,17.45,37.84,BuildingA_Floor1,TypeC
1064,2025-04-06 21:17:33,24.24,73.28,BuildingB_Floor1,TypeA
1053,2025-04-04 08:57:15,21.9,59.01,BuildingA_Floor1,TypeC
1011,2025-04-05 16:18:38,19.99,33.63,BuildingB_Floor2,TypeA
1045,2025-04-04 14:23:30,17.45,54.73,BuildingA_Floor2,TypeB
1039,2025-04-06 16:09:40,28.19,55.16,BuildingA_Floor2,TypeC
1065,2025-04-03 04:39:01,33.18,41.07,BuildingB_Floor1,TypeB
1057,2025-04-03 19:50:46,32.79,71.02,BuildingB_Floor1,TypeA
1056,2025-04-05 04:34:10,22.89,46.75,BuildingA_Floor2,TypeB
1052,2025-04-07 13:02:54,23.49,68.27,BuildingA_Floor2,TypeC
1071,2025-04-04 22:49:28,21.57,39.18,BuildingB_Floor1,TypeA
1079,2025-04-07 13:22:40,19.53,46.13,BuildingA_Floor1,TypeA
1083,2025-04-06 22:01:22,22.97,36.48,BuildingB_Floor2,TypeC
1068,2025-04-04 22:28:44,24.41,48.25,BuildingA_Floor2,TypeC
1043,2025-04-06 06:03:31,23.25,61.78,BuildingB_Floor2,TypeB
1083,2025-04-06 01:07:38,24.39,65.42,BuildingA_Floor2,TypeB
1074,2025-04-07 14:01:28,29.17,33.46,BuildingB_Floor2,TypeC
1036,2025-04-05 01:11:32,21.44,59.49,BuildingB_Floor1,TypeA
1057,2025-04-04 13:54:55,20.94,79.14,BuildingB_Floor2,TypeA
1078,2025-04-04 07:52:38,26.59,61.21,BuildingB_Floor2,TypeA
1078,2025-04-06 10:55:02,20.27,78.83,BuildingA_Floor1,TypeB
1069,2025-04-04 07:27:51,18.69,32.22,BuildingB_Floor1,TypeA
1060,2025-04-03 00:53:58,27.97,78.27,BuildingB_Floor1,TypeC
1073,2025-04-07 17:38:53,16.69,39.3,BuildingA_Floor1,TypeB
1029,2025-04-06 15:01:10,22.65,43.67,BuildingA_Floor1,TypeA
1018,2025-04-07 05:40:18,28.61,51.64,BuildingA_Floor1,TypeA
1040,2025-04-03 16:38:36,18.86,33.5,BuildingB_Floor1,TypeB
1089,2025-04-03 03:43:41,28.67,58.67,BuildingA_Floor1,TypeB
1023,2025-04-03 01:10:39,23.43,49.58,BuildingB_Floor1,TypeA
1004,2025-04-03 13:07:00,20.99,33.48,BuildingB_Floor1,TypeC
1034,2025-04-04 13:59:08,21.28,31.09,BuildingB_Floor2,TypeB
1087,2025-04-03 05:38:18,26.88,56.61,BuildingB_Floor1,TypeC
1035,2025-04-04 17:54:01,23.19,60.88,BuildingB_Floor2,TypeC
1070,2025-04-04 06:20:23,29.61,59.2,BuildingA_Floor1,TypeB
1046,2025-04-07 11:20:20,16.6,73.76,BuildingA_Floor2,TypeA
1089,2025-04-05 00:40:45,30.25,49.5,BuildingA_Floor2,TypeB
1044,2025-04-06 01:02:27,26.64,56.91,BuildingB_Floor1,TypeB
1026,2025-04-04 10:24:58,20.14,33.42,BuildingB_Floor1,TypeA
1048,2025-04-05 11:31:10,28.86,47.32,BuildingA_Floor1,TypeA
1024,2025-04-03 05:59:46,18.72,64.35,BuildingA_Floor1,TypeC
1040,2025-04-03 16:22:54,28.86,49.1,BuildingB_Floor2,TypeC
1034,2025-04-06 08:11:54,31.56,45.68,BuildingB_Floor1,TypeB
1098,2025-04-02 21:14:28,20.34,38.35,BuildingB_Floor2,TypeC
1096,2025-04-03 06:38:30,28.9,32.56,BuildingB_Floor1,TypeC
1099,2025-04-07 16:45:25,15.3,30.71,BuildingB_Floor1,TypeB
1023,2025-04-05 17:53:58,23.8,45.46,BuildingA_Floor1,TypeC
1059,2025-04-07 09:08:56,28.71,75.21,BuildingA_Floor2,TypeC
1007,2025-04-03 08:37:59,30.28,73.62,BuildingA_Floor1,TypeB
1037,2025-04-02 21:21:35,15.85,36.43,BuildingB_Floor1,TypeA
1007,2025-04-02 20:15:23,30.24,38.42,BuildingA_Floor2,TypeB
1076,2025-04-03 19:52:09,22.09,60.58,BuildingA_Floor2,TypeB
1048,2025-04-05 13:13:02,25.53,79.45,BuildingB_Floor1,TypeC
1061,2025-04-07 15:14:31,19.83,71.81,BuildingA_Floor2,TypeA
1034,2025-04-04 20:40:13,21.38,52.64,BuildingB_Floor2,TypeC
1038,2025-04-04 18:52:55,25.95,66.09,BuildingB_Floor1,TypeC
1003,2025-04-05 18:23:03,18.6,68.21,BuildingA_Floor1,TypeA
1063,2025-04-06 18:45:42,23.41,41.34,BuildingB_Floor1,TypeC
1044,2025-04-05 10:29:05,34.19,77.19,BuildingA_Floor1,TypeA
1091,2025-04-05 00:56:32,26.2,54.97,BuildingB_Floor1,TypeA
1068,2025-04-04 22:05:48,22.99,40.79,BuildingB_Floor1,TypeB
1007,2025-04-07 16:13:38,33.78,67.03,BuildingA_Floor2,TypeB
1025,2025-04-05 08:41:57,17.74,61.2,BuildingB_Floor2,TypeB
1032,2025-04-04 18:12:18,30.55,64.38,BuildingA_Floor1,TypeB
1046,2025-04-04 13:13:17,22.84,42.51,BuildingA_Floor1,TypeB
1072,2025-04-03 20:06:01,20.96,57.85,BuildingB_Floor1,TypeA
1084,2025-04-05 12:47:21,25.85,33.14,BuildingA_Floor1,TypeA
1069,2025-04-03 19:35:55,28.99,61.2,BuildingA_Floor2,TypeC
1093,2025-04-03 13:56:04,23.19,34.89,BuildingB_Floor2,TypeA
1050,2025-04-07 03:54:44,17.68,34.65,BuildingA_Floor2,TypeB
1080,2025-04-04 22:59:21,31.42,58.54,BuildingA_Floor1,TypeA
1025,2025-04-02 23:16:02,24.94,57.4,BuildingB_Floor1,TypeB
1091,2025-04-05 14:12:20,23.45,43.75,BuildingA_Floor2,TypeB
1099,2025-04-05 19:22:43,34.39,75.82,BuildingB_Floor2,TypeA
1067,2025-04-03 16:59:45,24.12,76.83,BuildingB_Floor2,TypeA
1089,2025-04-04 02:32:32,29.06,61.49,BuildingB_Floor2,TypeB
1027,2025-04-06 21:11:44,23.06,60.48,BuildingA_Floor2,TypeB
1013,2025-04-03 06:59:00,29.34,55.53,BuildingB_Floor1,TypeC
1048,2025-04-03 04:43:24,22.84,46.72,BuildingB_Floor1,TypeA
1068,2025-04-03 09:30:17,16.43,58.96,BuildingA_Floor1,TypeB
1000,2025-04-05 12:48:53,33.36,36.81,BuildingB_Floor1,TypeC
1069,2025-04-03 13:46:27,15.24,55.17,BuildingA_Floor2,TypeC
1097,2025-04-04 14:01:36,18.63,70.48,BuildingA_Floor1,TypeC
1024,2025-04-04 00:08:42,32.37,64.98,BuildingB_Floor1,TypeA
1064,2025-04-06 18:22:14,19.25,31.11,BuildingA_Floor1,TypeB
1078,2025-04-07 12:35:28,23.42,78.81,BuildingA_Floor2,TypeA
1098,2025-04-07 08:00:52,17.31,52.09,BuildingA_Floor2,TypeC
1053,2025-04-05 15:43:12,19.13,37.77,BuildingA_Floor1,TypeC
1079,2025-04-06 03:39:16,24.3,38.15,BuildingA_Floor1,TypeC
1044,2025-04-06 05:34:25,29.95,76.09,BuildingA_Floor1,TypeA
1032,2025-04-07 12:27:10,17.15,32.56,BuildingB_Floor2,TypeC
1033,2025-04-05 08:36:27,33.11,49.07,BuildingA_Floor2,TypeC
1096,2025-04-03 05:50:37,33.48,38.51,BuildingB_Floor2,TypeB
1023,2025-04-03 14:58:07,30.63,36.41,BuildingA_Floor1,TypeB
1086,2025-04-04 21:40:03,23.43,45.84,BuildingB_Floor2,TypeC
1029,2025-04-06 12:43:15,20.59,36.85,BuildingA_Floor2,TypeC
1014,2025-04-04 17:53:52,21.99,70.23,BuildingB_Floor1,TypeB
1045,2025-04-02 18:49:07,22.23,70.84,BuildingB_Floor1,TypeA
1040,2025-04-05 06:32:20,17.89,30.05,BuildingA_Floor2,TypeB
1002,2025-04-03 00:26:47,32.76,32.75,BuildingA_Floor1,TypeC
1028,2025-04-07 04:16:02,22.32,53.9,BuildingA_Floor2,TypeB
1057,2025-04-03 11:23:04,29.74,78.62,BuildingB_Floor2,TypeC
1081,2025-04-03 12:27:44,30.84,38.42,BuildingA_Floor2,TypeA
1026,2025-04-05 08:25:48,31.31,39.28,BuildingB_Floor2,TypeB
1001,2025-04-02 21:55:09,27.34,37.56,BuildingA_Floor2,TypeC
1065,2025-04-07 06:36:40,18.8,70.1,BuildingB_Floor2,TypeC
1030,2025-04-06 08:23:41,32.66,74.9,BuildingA_Floor2,TypeC
1042,2025-04-05 12:22:31,25.66,58.0,BuildingA_Floor2,TypeC
1084,2025-04-04 05:05:55,28.67,72.24,BuildingA_Floor1,TypeA
1069,2025-04-07 03:42:51,31.44,34.33,BuildingB_Floor1,TypeC
1037,2025-04-06 04:09:39,23.26,42.3,BuildingB_Floor1,TypeB
1002,2025-04-04 20:09:31,23.52,45.77,BuildingA_Floor2,TypeA
1031,2025-04-05 07:37:53,30.95,50.78,BuildingA_Floor2,TypeA
1091,2025-04-03 14:39:32,22.36,34.44,BuildingA_Floor1,TypeC
1078,2025-04-04 15:42:06,27.58,70.53,BuildingA_Floor2,TypeA
1078,2025-04-04 15:04:41,34.94,48.21,BuildingA_Floor1,TypeC
1062,2025-04-06 18:53:16,25.56,49.85,BuildingB_Floor2,TypeC
1040,2025-04-07 15:15:02,15.56,33.5,BuildingB_Floor2,TypeB
1035,2025-04-05 14:29:39,27.57,33.56,BuildingB_Floor2,TypeB
1002,2025-04-06 06:59:37,25.28,76.91,BuildingA_Floor2,TypeC
1003,2025-04-06 01:27:10,28.55,47.57,BuildingB_Floor1,TypeA
1085,2025-04-06 21:02:20,31.38,44.39,BuildingA_Floor1,TypeB
1034,2025-04-04 09:16:52,23.75,61.37,BuildingA_Floor2,TypeC
1024,2025-04-02 18:55:46,18.28,55.77,BuildingB_Floor2,TypeA
1046,2025-04-05 11:03:28,30.29,57.55,BuildingB_Floor1,TypeB
1041,2025-04-06 03:16:10,24.9,78.14,BuildingB_Floor1,TypeB
1066,2025-04-06 00:48:28,19.33,52.03,BuildingA_Floor1,TypeA
1057,2025-04-06 20:04:26,25.83,54.58,BuildingA_Floor2,TypeB
1096,2025-04-02 22:20:41,32.8,31.22,BuildingA_Floor1,TypeB
1093,2025-04-05 07:03:49,29.32,52.06,BuildingA_Floor1,TypeC
1089,2025-04-03 13:59:35,19.95,56.81,BuildingB_Floor2,TypeC
1013,2025-04-06 06:31:55,26.25,77.16,BuildingB_Floor1,TypeC
1022,2025-04-05 22:23:41,16.26,36.65,BuildingA_Floor1,TypeB
1015,2025-04-06 18:03:20,18.11,62.65,BuildingB_Floor2,TypeA
1031,2025-04-04 23:46:20,29.81,67.64,BuildingB_Floor1,TypeB
1036,2025-04-03 10:50:49,20.35,67.36,BuildingA_Floor1,TypeC
1072,2025-04-03 20:59:13,32.39,65.64,BuildingB_Floor2,TypeC
1004,2025-04-04 12:21:47,30.79,32.19,BuildingA_Floor2,TypeA
1096,2025-04-07 03:20:01,34.92,79.07,BuildingA_Floor1,TypeB
1030,2025-04-06 22:42:06,34.19,63.87,BuildingA_Floor2,TypeC
1027,2025-04-07 07:09:10,18.07,56.36,BuildingB_Floor2,TypeA
1083,2025-04-07 00:55:36,33.6,31.51,BuildingB_Floor2,TypeA
1089,2025-04-07 05:33:25,31.55,37.31,BuildingA_Floor1,TypeB
1055,2025-04-05 17:05:03,20.98,44.88,BuildingB_Floor1,TypeB
1043,2025-04-07 09:28:56,29.34,47.02,BuildingA_Floor2,TypeA
1100,2025-04-03 07:49:13,31.42,49.08,BuildingB_Floor1,TypeC
1042,2025-04-03 09:02:01,21.34,30.58,BuildingB_Floor1,TypeB
1080,2025-04-02 22:09:59,25.38,70.12,BuildingB_Floor1,TypeA
1017,2025-04-03 19:44:38,26.32,58.38,BuildingB_Floor2,TypeB
1003,2025-04-06 07:10:03,22.95,76.77,BuildingA_Floor1,TypeC
1079,2025-04-07 08:52:45,23.01,36.45,BuildingB_Floor2,TypeA
1086,2025-04-06 23:50:12,32.67,42.45,BuildingB_Floor1,TypeA
1053,2025-04-07 04:20:04,16.44,52.14,BuildingB_Floor2,TypeA
1078,2025-04-07 02:40:01,26.17,56.51,BuildingA_Floor2,TypeC
1057,2025-04-06 12:07:22,15.69,56.93,BuildingB_Floor1,TypeA
1095,2025-04-04 15:52:45,31.68,49.6,BuildingB_Floor1,TypeA
1017,2025-04-03 19:19:37,18.01,58.69,BuildingA_Floor2,TypeA
1007,2025-04-07 13:05:58,28.54,36.91,BuildingA_Floor2,TypeC
1038,2025-04-06 14:56:00,16.81,69.89,BuildingB_Floor2,TypeC
1052,2025-04-03 04:47:39,27.13,48.34,BuildingA_Floor1,TypeB
1038,2025-04-05 01:05:53,27.61,62.99,BuildingB_Floor1,TypeC
1037,2025-04-05 20:21:40,33.77,36.66,BuildingB_Floor2,TypeA
1060,2025-04-05 07:01:48,28.31,34.53,BuildingB_Floor2,TypeA
1060,2025-04-04 10:27:27,17.73,33.79,BuildingB_Floor1,TypeC
1008,2025-04-07 02:28:53,17.15,37.01,BuildingB_Floor2,TypeB
1059,2025-04-04 19:24:15,18.08,74.17,BuildingA_Floor1,TypeA
1038,2025-04-04 02:34:19,26.59,31.35,BuildingB_Floor2,TypeC
1007,2025-04-06 20:08:31,16.58,34.29,BuildingB_Floor1,TypeC
1018,2025-04-03 21:07:20,31.3,79.39,BuildingA_Floor1,TypeB
1087,2025-04-07 05:22:11,15.17,46.18,BuildingA_Floor2,TypeA
1011,2025-04-03 17:50:46,20.21,71.12,BuildingA_Floor2,TypeC
1085,2025-04-06 03:13:10,22.46,31.87,BuildingA_Floor2,TypeA
1011,2025-04-07 05:11:18,24.54,56.0,BuildingA_Floor2,TypeB
1081,2025-04-04 10:06:50,18.13,58.57,BuildingA_Floor1,TypeA
1041,2025-04-05 08:29:44,29.97,43.45,BuildingA_Floor2,TypeC
1003,2025-04-04 08:01:41,18.82,74.01,BuildingA_Floor1,TypeB
1033,2025-04-06 09:08:11,15.34,60.91,BuildingB_Floor2,TypeC
1095,2025-04-07 17:46:51,23.42,47.38,BuildingA_Floor1,TypeA
1038,2025-04-07 13:42:12,26.64,75.85,BuildingB_Floor2,TypeA
1067,2025-04-03 09:54:34,26.55,57.1,BuildingB_Floor1,TypeA
1085,2025-04-07 15:57:06,31.81,62.72,BuildingB_Floor1,TypeC
1024,2025-04-03 18:22:55,34.84,32.11,BuildingB_Floor1,TypeC
1042,2025-04-06 18:18:43,33.07,77.83,BuildingB_Floor1,TypeC
1011,2025-04-05 07:39:46,18.74,58.81,BuildingA_Floor1,TypeC
1012,2025-04-04 19:31:24,28.92,77.87,BuildingB_Floor2,TypeC
1028,2025-04-03 03:20:36,33.4,70.39,BuildingA_Floor1,TypeC
1077,2025-04-05 09:42:25,25.45,37.59,BuildingB_Floor2,TypeC
1006,2025-04-06 14:04:44,33.03,65.39,BuildingB_Floor2,TypeC
1080,2025-04-05 06:03:13,21.77,36.35,BuildingA_Floor1,TypeA
1063,2025-04-05 21:42:16,25.9,51.24,BuildingB_Floor2,TypeB
1095,2025-04-03 01:07:51,28.32,44.26,BuildingA_Floor1,TypeB
1078,2025-04-06 18:07:22,21.16,56.12,BuildingA_Floor1,TypeB
1056,2025-04-07 09:43:53,16.04,67.78,BuildingB_Floor2,TypeC
1086,2025-04-07 03:08:38,33.16,58.7,BuildingA_Floor2,TypeC
1077,2025-04-06 02:01:44,18.31,56.46,BuildingB_Floor2,TypeB
1020,2025-04-05 15:37:46,33.17,74.91,BuildingA_Floor1,TypeC
1028,2025-04-03 21:58:45,30.82,56.38,BuildingA_Floor1,TypeB
1012,2025-04-06 17:15:45,15.32,30.56,BuildingA_Floor1,TypeC
1032,2025-04-03 20:13:43,29.56,79.81,BuildingB_Floor2,TypeA
1070,2025-04-03 19:50:33,31.04,40.31,BuildingB_Floor1,TypeB
1005,2025-04-05 21:35:26,21.08,73.38,BuildingA_Floor2,TypeB
1030,2025-04-03 21:25:09,21.64,34.55,BuildingB_Floor1,TypeB
1073,2025-04-07 15:51:03,29.58,50.32,BuildingB_Floor2,TypeB
1046,2025-04-03 20:17:18,18.16,68.94,BuildingB_Floor1,TypeC
1008,2025-04-03 18:32:41,26.12,70.33,BuildingB_Floor2,TypeA
1030,2025-04-05 21:22:46,30.16,58.01,BuildingA_Floor2,TypeA
1062,2025-04-03 18:23:12,25.59,31.63,BuildingA_Floor2,TypeB
1019,2025-04-06 13:40:40,28.63,38.82,BuildingA_Floor1,TypeA
1049,2025-04-03 03:06:45,17.03,37.09,BuildingA_Floor2,TypeB
1036,2025-04-07 07:08:11,19.53,79.21,BuildingA_Floor2,TypeC
1047,2025-04-02 19:11:12,15.52,71.81,BuildingA_Floor1,TypeC
1057,2025-04-03 11:19:21,17.84,35.83,BuildingB_Floor2,TypeB
1001,2025-04-05 14:07:47,17.29,37.3,BuildingB_Floor1,TypeA
1057,2025-04-05 05:59:22,16.97,31.79,BuildingA_Floor1,TypeB
1065,2025-04-04 07:32:57,25.09,39.08,BuildingA_Floor2,TypeA
1075,2025-04-03 15:48:29,19.85,68.22,BuildingB_Floor1,TypeB
1042,2025-04-06 02:40:58,27.56,43.67,BuildingB_Floor2,TypeA
1041,2025-04-04 14:46:24,33.97,50.1,BuildingB_Floor2,TypeA
1095,2025-04-06 19:25:58,18.16,44.07,BuildingB_Floor1,TypeA
1059,2025-04-03 03:17:56,17.0,79.6,BuildingA_Floor2,TypeB
1052,2025-04-06 02:32:33,16.8,75.74,BuildingB_Floor1,TypeC
1009,2025-04-04 20:20:28,34.01,35.25,BuildingA_Floor2,TypeA
1019,2025-04-02 22:56:02,25.18,79.82,BuildingB_Floor2,TypeA
1078,2025-04-05 03:48:25,26.98,61.89,BuildingA_Floor1,TypeC
1019,2025-04-05 16:22:55,26.38,72.93,BuildingA_Floor1,TypeC
1006,2025-04-07 18:13:53,19.07,49.94,BuildingB_Floor2,TypeA
1085,2025-04-04 15:21:14,26.81,51.91,BuildingA_Floor1,TypeC
1002,2025-04-03 02:39:27,19.51,38.5,BuildingA_Floor2,TypeB
1014,2025-04-06 22:25:43,16.59,49.79,BuildingB_Floor2,TypeA
1098,2025-04-02 22:46:52,25.91,32.84,BuildingB_Floor2,TypeB
1096,2025-04-07 13:22:06,34.23,70.15,BuildingA_Floor1,TypeA
1034,2025-04-06 07:39:57,32.27,54.13,BuildingB_Floor1,TypeC
1061,2025-04-06 12:53:46,29.96,48.97,BuildingA_Floor1,TypeA
1100,2025-04-05 07:57:45,18.43,65.26,BuildingB_Floor1,TypeB
1066,2025-04-07 09:22:24,32.45,48.92,BuildingB_Floor2,TypeB
1040,2025-04-06 07:33:43,30.91,63.86,BuildingB_Floor1,TypeA
1043,2025-04-03 08:23:59,26.38,53.38,BuildingA_Floor2,TypeB
1011,2025-04-02 21:42:55,24.18,49.11,BuildingA_Floor2,TypeA
1079,2025-04-05 00:39:43,33.8,54.68,BuildingB_Floor2,TypeC
1097,2025-04-06 19:12:07,28.78,70.22,BuildingA_Floor1,TypeC
1042,2025-04-02 23:17:08,29.78,51.52,BuildingB_Floor2,TypeB
1070,2025-04-05 06:37:11,30.9,64.9,BuildingA_Floor1,TypeB
1029,2025-04-02 18:51:04,17.87,41.17,BuildingB_Floor2,TypeA
1054,2025-04-06 22:00:00,33.9,33.2,BuildingA_Floor1,TypeA
1007,2025-04-06 04:29:31,23.6,43.72,BuildingB_Floor2,TypeC
1059,2025-04-07 17:00:10,33.57,75.87,BuildingA_Floor2,TypeA
1018,2025-04-03 21:12:42,19.96,31.62,BuildingA_Floor2,TypeA
1094,2025-04-07 00:46:06,16.44,39.66,BuildingA_Floor1,TypeB
1030,2025-04-04 00:31:40,34.96,53.4,BuildingA_Floor1,TypeA
1023,2025-04-07 00:51:27,24.2,52.93,BuildingA_Floor1,TypeA
1015,2025-04-05 19:55:29,28.64,66.3,BuildingA_Floor2,TypeB
1100,2025-04-04 04:35:33,27.42,30.25,BuildingA_Floor1,TypeC
1047,2025-04-03 09:26:07,24.68,52.08,BuildingB_Floor1,TypeB
1072,2025-04-04 09:23:37,23.56,53.19,BuildingB_Floor1,TypeA
1008,2025-04-07 17:07:13,26.93,75.13,BuildingA_Floor1,TypeA
1059,2025-04-04 23:47:47,33.97,55.73,BuildingA_Floor2,TypeA
1040,2025-04-04 13:24:25,20.32,46.75,BuildingB_Floor1,TypeB
1035,2025-04-04 11:17:09,24.74,54.93,BuildingA_Floor1,TypeC
1074,2025-04-05 21:32:51,15.84,39.44,BuildingB_Floor2,TypeB
1005,2025-04-07 02:58:08,33.38,38.71,BuildingA_Floor2,TypeB
1016,2025-04-03 16:33:46,17.04,75.54,BuildingB_Floor1,TypeB
1048,2025-04-06 19:46:27,27.5,72.93,BuildingA_Floor2,TypeB
1075,2025-04-05 04:40:41,25.7,48.31,BuildingA_Floor2,TypeB
1015,2025-04-06 09:35:38,24.13,57.84,BuildingA_Floor1,TypeC
1039,2025-04-06 14:52:39,24.66,52.97,BuildingA_Floor1,TypeB
1089,2025-04-03 12:12:51,15.79,33.76,BuildingB_Floor1,TypeA
1030,2025-04-05 08:56:44,24.75,49.4,BuildingA_Floor1,TypeA
1000,2025-04-04 12:22:35,28.48,37.02,BuildingA_Floor2,TypeC
1010,2025-04-07 17:12:00,20.18,36.09,BuildingA_Floor1,TypeC
1033,2025-04-06 18:01:33,31.34,71.82,BuildingB_Floor1,TypeA
1065,2025-04-07 14:48:03,15.34,73.67,BuildingA_Floor1,TypeC
1030,2025-04-04 14:38:21,28.48,73.28,BuildingA_Floor2,TypeB
1071,2025-04-06 07:26:03,28.51,60.09,BuildingA_Floor2,TypeA
1052,2025-04-04 07:28:28,25.54,32.85,BuildingA_Floor1,TypeB
1078,2025-04-03 17:29:17,25.71,68.02,BuildingA_Floor1,TypeA
1010,2025-04-06 22:36:21,22.65,51.47,BuildingA_Floor2,TypeB
1060,2025-04-07 10:53:46,16.22,62.96,BuildingB_Floor1,TypeB
1028,2025-04-04 08:52:27,20.16,74.29,BuildingB_Floor2,TypeB
1054,2025-04-03 19:02:56,17.03,73.68,BuildingB_Floor1,TypeC
1063,2025-04-05 16:56:48,26.64,38.83,BuildingB_Floor2,TypeB
1045,2025-04-05 22:09:24,21.6,56.07,BuildingB_Floor1,TypeB
1029,2025-04-03 14:31:43,31.26,33.81,BuildingA_Floor1,TypeB
1013,2025-04-07 07:06:16,24.97,78.12,BuildingB_Floor2,TypeC
1083,2025-04-06 11:54:29,27.22,58.36,BuildingB_Floor2,TypeA
1092,2025-04-04 19:37:09,27.34,60.67,BuildingA_Floor1,TypeA
1013,2025-04-02 20:20:03,19.51,63.88,BuildingB_Floor2,TypeC
1045,2025-04-05 11:52:58,18.23,79.52,BuildingA_Floor2,TypeA
1061,2025-04-06 01:03:54,20.93,59.15,BuildingA_Floor2,TypeB
1021,2025-04-07 06:51:06,34.57,55.32,BuildingA_Floor2,TypeC
1047,2025-04-02 22:37:20,29.44,32.68,BuildingB_Floor2,TypeC
1053,2025-04-06 01:00:59,30.66,49.09,BuildingA_Floor2,TypeA
1057,2025-04-05 07:34:33,24.36,56.42,BuildingB_Floor1,TypeB
1052,2025-04-07 00:42:08,18.61,56.65,BuildingA_Floor2,TypeA
1057,2025-04-07 11:07:29,17.97,53.36,BuildingA_Floor1,TypeA
1044,2025-04-03 04:34:14,29.18,30.99,BuildingB_Floor2,TypeA
1070,2025-04-04 03:36:00,23.07,68.45,BuildingA_Floor2,TypeB
1064,2025-04-04 10:22:32,16.08,76.7,BuildingB_Floor2,TypeC
1052,2025-04-03 11:52:53,34.33,43.64,BuildingB_Floor2,TypeC
1096,2025-04-02 22:48:37,27.02,34.64,BuildingB_Floor1,TypeC
1008,2025-04-05 07:44:20,27.41,79.96,BuildingA_Floor2,TypeA
1023,2025-04-07 02:31:11,31.39,60.97,BuildingB_Floor2,TypeC
1078,2025-04-03 08:34:38,21.64,77.79,BuildingA_Floor1,TypeC
1089,2025-04-05 03:55:40,33.96,67.87,BuildingB_Floor2,TypeC
1044,2025-04-06 23:00:27,22.03,51.2,BuildingB_Floor1,TypeA
1060,2025-04-04 05:15:19,15.62,40.22,BuildingB_Floor1,TypeA
1040,2025-04-05 23:27:34,27.63,79.89,BuildingA_Floor1,TypeA
1093,2025-04-06 00:58:55,32.26,32.44,BuildingA_Floor1,TypeA
1048,2025-04-07 08:23:20,19.28,54.39,BuildingA_Floor1,TypeB
1008,2025-04-06 02:30:43,27.23,60.5,BuildingA_Floor2,TypeA
1053,2025-04-07 05:37:10,30.18,45.0,BuildingB_Floor2,TypeA
1019,2025-04-05 22:51:22,27.05,59.72,BuildingA_Floor2,TypeA
1051,2025-04-07 11:27:26,23.37,74.87,BuildingB_Floor1,TypeB
1034,2025-04-03 18:45:15,24.15,41.61,BuildingB_Floor1,TypeB
1045,2025-04-06 04:51:01,30.58,60.17,BuildingA_Floor2,TypeB
1008,2025-04-04 09:42:19,32.32,65.67,BuildingA_Floor2,TypeB
1014,2025-04-04 18:37:50,32.34,75.02,BuildingB_Floor2,TypeB
1057,2025-04-04 04:45:05,16.25,74.71,BuildingA_Floor2,TypeA
1095,2025-04-06 12:11:46,31.55,50.85,BuildingA_Floor1,TypeC
1003,2025-04-03 13:21:47,20.24,41.44,BuildingB_Floor2,TypeC
1094,2025-04-03 23:40:50,30.32,50.28,BuildingA_Floor1,TypeB
1040,2025-04-05 20:39:51,28.19,46.16,BuildingB_Floor2,TypeC
1063,2025-04-03 00:31:10,27.75,43.6,BuildingB_Floor2,TypeA
1054,2025-04-02 22:09:19,33.13,60.52,BuildingB_Floor1,TypeB
1071,2025-04-03 10:27:08,26.06,56.75,BuildingA_Floor1,TypeB
1010,2025-04-06 11:39:07,25.08,73.89,BuildingB_Floor2,TypeC
1009,2025-04-07 03:37:34,27.98,49.02,BuildingA_Floor1,TypeC
1007,2025-04-04 22:32:02,33.59,75.41,BuildingB_Floor1,TypeA
1100,2025-04-04 08:44:07,23.23,77.87,BuildingB_Floor1,TypeA
1096,2025-04-05 18:43:51,22.27,34.77,BuildingA_Floor1,TypeA
1076,2025-04-06 19:15:26,27.71,70.87,BuildingB_Floor2,TypeA
1029,2025-04-05 02:34:32,30.65,43.46,BuildingA_Floor2,TypeB
1061,2025-04-06 07:49:16,21.33,34.99,BuildingB_Floor1,TypeB
1037,2025-04-06 01:28:01,33.51,77.42,BuildingA_Floor2,TypeC
1066,2025-04-03 11:13:32,20.95,67.57,BuildingB_Floor2,TypeA
1024,2025-04-04 04:44:02,20.22,59.84,BuildingB_Floor2,TypeA
1013,2025-04-07 00:33:26,16.52,65.51,BuildingB_Floor1,TypeC
1100,2025-04-05 21:01:12,17.09,79.82,BuildingB_Floor1,TypeA
1048,2025-04-03 12:49:00,17.95,42.65,BuildingA_Floor2,TypeC
1012,2025-04-05 13:56:13,24.58,56.99,BuildingB_Floor2,TypeA
1011,2025-04-05 15:01:37,32.95,70.59,BuildingA_Floor2,TypeB
1085,2025-04-03 11:01:30,22.79,56.33,BuildingA_Floor1,TypeA
1099,2025-04-04 04:43:20,17.48,41.72,BuildingA_Floor1,TypeC
1078,2025-04-06 19:56:02,18.34,51.56,BuildingB_Floor2,TypeB
1078,2025-04-05 01:11:26,18.87,73.77,BuildingB_Floor1,TypeC
1081,2025-04-05 19:03:23,31.23,45.3,BuildingA_Floor1,TypeA
1060,2025-04-05 19:56:04,28.86,73.87,BuildingB_Floor1,TypeA
1028,2025-04-03 02:48:10,34.83,46.95,BuildingB_Floor1,TypeA
1096,2025-04-06 00:02:13,29.02,68.72,BuildingA_Floor1,TypeC
1049,2025-04-07 09:28:08,27.62,63.54,BuildingA_Floor1,TypeC
1076,2025-04-06 12:07:28,24.92,61.38,BuildingA_Floor1,TypeC
1049,2025-04-04 22:06:58,31.76,55.41,BuildingB_Floor1,TypeB
1027,2025-04-05 21:16:33,22.51,40.6,BuildingB_Floor2,TypeC
1057,2025-04-04 15:02:28,17.02,43.18,BuildingA_Floor1,TypeA
1088,2025-04-05 18:25:50,25.7,54.47,BuildingB_Floor1,TypeA
1095,2025-04-03 18:09:29,15.02,30.75,BuildingA_Floor2,TypeA
1045,2025-04-03 04:19:59,16.24,71.41,BuildingA_Floor1,TypeA
1082,2025-04-05 22:45:25,33.45,77.76,BuildingB_Floor2,TypeB
1076,2025-04-04 02:11:16,19.73,60.25,BuildingA_Floor1,TypeA
1052,2025-04-03 20:01:04,20.78,66.1,BuildingB_Floor1,TypeA
1031,2025-04-04 17:00:31,23.36,76.32,BuildingA_Floor2,TypeB
1010,2025-04-03 08:10:55,15.92,63.91,BuildingB_Floor1,TypeC
1021,2025-04-04 05:00:43,20.28,35.48,BuildingB_Floor1,TypeC
1030,2025-04-05 23:28:52,22.51,54.04,BuildingA_Floor2,TypeB
1069,2025-04-05 05:20:25,26.72,44.12,BuildingA_Floor2,TypeA
1029,2025-04-05 01:01:31,26.85,39.17,BuildingB_Floor1,TypeB
1087,2025-04-07 14:18:20,30.67,40.8,BuildingB_Floor1,TypeB
1074,2025-04-05 00:05:55,28.88,37.52,BuildingA_Floor2,TypeA
1007,2025-04-03 18:41:40,20.99,49.14,BuildingB_Floor2,TypeB
1074,2025-04-06 14:31:36,24.71,63.61,BuildingB_Floor1,TypeB
1041,2025-04-04 23:18:15,25.16,53.82,BuildingB_Floor2,TypeB
1048,2025-04-07 01:32:56,23.47,77.89,BuildingB_Floor1,TypeC
1038,2025-04-04 20:27:31,22.03,55.51,BuildingA_Floor1,TypeB
1012,2025-04-05 16:23:39,28.54,79.95,BuildingA_Floor1,TypeC
1017,2025-04-03 16:45:03,30.35,39.19,BuildingB_Floor1,TypeB
1049,2025-04-06 22:56:40,29.51,39.93,BuildingB_Floor1,TypeA
1048,2025-04-03 20:55:26,17.25,77.78,BuildingB_Floor1,TypeB
1086,2025-04-06 02:34:23,25.84,55.56,BuildingA_Floor1,TypeB
1098,2025-04-03 05:23:28,18.44,30.79,BuildingB_Floor1,TypeA
1004,2025-04-04 16:11:52,16.4,78.38,BuildingA_Floor2,TypeC
1045,2025-04-03 03:44:54,21.94,70.86,BuildingA_Floor1,TypeA
1025,2025-04-07 00:03:36,18.45,78.62,BuildingA_Floor2,TypeB
1003,2025-04-04 17:58:47,26.6,61.07,BuildingB_Floor1,TypeC
1014,2025-04-04 14:03:11,21.12,44.34,BuildingA_Floor1,TypeB
1046,2025-04-05 12:49:19,25.43,76.87,BuildingA_Floor1,TypeC
1000,2025-04-02 19:13:23,34.23,38.97,BuildingB_Floor2,TypeC
1049,2025-04-04 02:31:44,33.73,71.23,BuildingB_Floor2,TypeB
1060,2025-04-04 22:20:35,17.02,51.09,BuildingA_Floor2,TypeB
1030,2025-04-03 11:18:27,17.11,62.5,BuildingA_Floor2,TypeA
1085,2025-04-06 12:50:33,16.24,66.28,BuildingA_Floor2,TypeA
1018,2025-04-04 06:13:07,18.73,38.99,BuildingB_Floor2,TypeB
1074,2025-04-05 17:44:57,34.47,68.71,BuildingB_Floor2,TypeC
1081,2025-04-05 00:04:25,25.82,79.41,BuildingB_Floor1,TypeC
1043,2025-04-05 05:23:51,25.41,47.98,BuildingA_Floor2,TypeA
1038,2025-04-07 14:06:46,18.74,49.28,BuildingB_Floor1,TypeB
1063,2025-04-03 05:16:49,31.14,59.33,BuildingB_Floor2,TypeC
1090,2025-04-07 06:25:35,30.77,45.19,BuildingA_Floor2,TypeC
1009,2025-04-06 22:51:45,20.51,48.85,BuildingB_Floor1,TypeB
1065,2025-04-07 02:10:44,28.23,38.53,BuildingA_Floor1,TypeC
1037,2025-04-07 17:10:15,25.74,32.57,BuildingA_Floor1,TypeB
1032,2025-04-04 02:17:53,16.1,48.69,BuildingA_Floor1,TypeB
1061,2025-04-04 23:48:08,24.75,58.68,BuildingA_Floor1,TypeC
1092,2025-04-02 22:34:54,21.53,35.39,BuildingB_Floor2,TypeC
1026,2025-04-07 12:41:24,28.83,32.82,BuildingA_Floor1,TypeC
1055,2025-04-03 20:30:51,31.26,69.77,BuildingB_Floor2,TypeC
1047,2025-04-02 19:13:21,26.82,48.37,BuildingA_Floor2,TypeB
1041,2025-04-03 02:09:20,19.34,32.84,BuildingB_Floor1,TypeA
1024,2025-04-03 21:21:44,29.11,77.83,BuildingA_Floor2,TypeB
1018,2025-04-06 21:40:13,34.06,57.11,BuildingA_Floor2,TypeB
1090,2025-04-07 01:36:41,33.31,61.79,BuildingA_Floor2,TypeB
1020,2025-04-04 16:59:38,31.6,59.52,BuildingB_Floor2,TypeB
1006,2025-04-05 23:31:55,20.17,68.38,BuildingA_Floor2,TypeB
1093,2025-04-05 17:32:42,23.38,74.07,BuildingB_Floor1,TypeC
1083,2025-04-05 19:26:54,21.91,61.26,BuildingA_Floor2,TypeA
1014,2025-04-04 21:00:25,24.38,49.45,BuildingA_Floor1,TypeA
1029,2025-04-06 11:48:35,15.35,67.95,BuildingA_Floor2,TypeC
1073,2025-04-05 07:33:41,20.74,50.31,BuildingB_Floor1,TypeC
1096,2025-04-06 21:10:15,17.61,73.21,BuildingB_Floor1,TypeB
1053,2025-04-04 22:56:01,17.37,70.54,BuildingA_Floor2,TypeB
1041,2025-04-03 09:16:32,19.11,34.8,BuildingA_Floor1,TypeB
1052,2025-04-03 22:03:47,26.01,36.59,BuildingB_Floor2,TypeB
1011,2025-04-06 20:15:16,29.62,47.12,BuildingA_Floor1,TypeA
1037,2025-04-04 02:54:30,24.22,56.02,BuildingA_Floor1,TypeC
1051,2025-04-03 16:48:23,24.56,45.84,BuildingB_Floor1,TypeA
1057,2025-04-03 12:58:58,15.92,78.34,BuildingA_Floor1,TypeA
1029,2025-04-04 23:53:35,26.65,51.27,BuildingA_Floor1,TypeB
1019,2025-04-06 01:02:26,29.48,36.13,BuildingB_Floor2,TypeA
1055,2025-04-07 01:44:30,27.2,72.14,BuildingA_Floor1,TypeB
1052,2025-04-07 11:58:03,31.27,63.7,BuildingB_Floor2,TypeC
1070,2025-04-04 15:18:33,30.86,52.57,BuildingB_Floor2,TypeB
1099,2025-04-03 12:20:38,17.54,76.21,BuildingB_Floor1,TypeC
1059,2025-04-07 04:11:01,30.84,60.17,BuildingA_Floor1,TypeA
1080,2025-04-06 15:11:25,18.89,68.6,BuildingA_Floor2,TypeB
1036,2025-04-05 00:33:23,24.91,49.88,BuildingB_Floor2,TypeB
1060,2025-04-06 07:51:07,32.75,57.21,BuildingB_Floor2,TypeC
1068,2025-04-07 18:30:27,25.7,60.54,BuildingA_Floor2,TypeC
1042,2025-04-04 15:40:12,25.83,36.67,BuildingA_Floor1,TypeA
1090,2025-04-02 23:17:07,30.01,59.99,BuildingA_Floor2,TypeC
1010,2025-04-03 06:28:17,20.77,44.83,BuildingA_Floor2,TypeC
1076,2025-04-02 23:56:11,23.02,39.8,BuildingB_Floor1,TypeA
1014,2025-04-03 18:26:57,27.9,64.98,BuildingA_Floor2,TypeB
1067,2025-04-07 10:21:54,24.11,50.27,BuildingA_Floor1,TypeB
1078,2025-04-04 22:04:36,24.45,60.52,BuildingB_Floor1,TypeA
1016,2025-04-06 13:00:58,21.96,75.0,BuildingB_Floor2,TypeA
1011,2025-04-07 13:12:54,24.1,78.93,BuildingA_Floor1,TypeA
1070,2025-04-06 10:36:20,31.13,39.92,BuildingA_Floor2,TypeA
1100,2025-04-05 02:34:23,32.4,35.72,BuildingA_Floor1,TypeA
1067,2025-04-07 03:51:57,31.3,45.03,BuildingA_Floor2,TypeC
1077,2025-04-07 00:41:43,23.79,41.58,BuildingA_Floor2,TypeC
1037,2025-04-06 10:20:22,20.85,44.81,BuildingA_Floor1,TypeC
1095,2025-04-03 02:56:00,16.8,69.47,BuildingA_Floor1,TypeB
1030,2025-04-06 16:18:24,18.38,40.66,BuildingB_Floor2,TypeA
1015,2025-04-04 20:52:56,19.03,40.82,BuildingB_Floor2,TypeA
1000,2025-04-05 08:03:42,19.78,48.59,BuildingA_Floor2,TypeC
1023,2025-04-04 19:19:47,29.63,51.39,BuildingB_Floor1,TypeC
1065,2025-04-06 08:56:44,16.1,57.59,BuildingA_Floor1,TypeC
1055,2025-04-06 00:51:40,28.36,55.72,BuildingA_Floor2,TypeA
1037,2025-04-07 03:33:20,32.63,74.99,BuildingB_Floor1,TypeC
1011,2025-04-04 18:23:13,24.78,71.29,BuildingB_Floor2,TypeB
1096,2025-04-07 04:55:00,28.03,70.54,BuildingB_Floor1,TypeC
1005,2025-04-03 18:29:34,28.3,40.35,BuildingB_Floor1,TypeB
1054,2025-04-03 13:35:36,31.39,79.13,BuildingA_Floor2,TypeC
1075,2025-04-07 10:44:14,23.58,73.76,BuildingA_Floor1,TypeC
1051,2025-04-03 15:05:55,33.1,46.44,BuildingA_Floor1,TypeA
1019,2025-04-03 12:17:14,18.97,54.37,BuildingA_Floor2,TypeC
1063,2025-04-04 02:07:19,33.5,53.92,BuildingB_Floor1,TypeB
1094,2025-04-02 22:26:04,29.26,44.67,BuildingB_Floor1,TypeB
1003,2025-04-04 10:00:31,24.77,72.48,BuildingA_Floor1,TypeB
1002,2025-04-06 03:28:48,19.84,54.5,BuildingA_Floor2,TypeB
1045,2025-04-04 21:35:54,24.78,63.26,BuildingA_Floor1,TypeB
1072,2025-04-05 18:45:24,22.02,63.39,BuildingA_Floor1,TypeB
1070,2025-04-03 08:27:52,34.4,78.4,BuildingB_Floor2,TypeA
1039,2025-04-07 08:35:27,19.63,61.09,BuildingB_Floor2,TypeC
1056,2025-04-04 07:17:05,32.77,78.44,BuildingA_Floor1,TypeB
1079,2025-04-06 04:38:23,17.62,78.73,BuildingB_Floor1,TypeB
1049,2025-04-04 10:40:19,22.55,43.87,BuildingA_Floor1,TypeB
1049,2025-04-05 06:47:39,32.82,64.28,BuildingB_Floor2,TypeA
1064,2025-04-06 03:54:32,19.17,50.53,BuildingA_Floor2,TypeA
1046,2025-04-05 22:16:19,22.21,41.34,BuildingB_Floor1,TypeC
1039,2025-04-06 14:08:22,25.74,76.01,BuildingA_Floor1,TypeA
1093,2025-04-06 08:20:19,24.78,35.47,BuildingB_Floor2,TypeB
1096,2025-04-05 17:26:38,34.22,78.43,BuildingB_Floor1,TypeC
1098,2025-04-05 13:59:00,32.67,33.82,BuildingA_Floor1,TypeB
1001,2025-04-04 05:13:47,25.38,32.64,BuildingA_Floor1,TypeC
1067,2025-04-02 21:22:04,29.5,43.28,BuildingA_Floor2,TypeA
1017,2025-04-06 15:01:12,33.12,31.6,BuildingB_Floor1,TypeA
1022,2025-04-03 04:27:15,23.69,61.3,BuildingB_Floor1,TypeA
1048,2025-04-02 23:26:34,18.13,49.93,BuildingA_Floor2,TypeB
1059,2025-04-04 05:56:04,21.35,49.48,BuildingA_Floor2,TypeA
1091,2025-04-04 05:06:22,16.27,58.88,BuildingB_Floor1,TypeB
1027,2025-04-07 17:42:12,16.54,74.72,BuildingB_Floor2,TypeC
1071,2025-04-06 09:10:52,25.71,68.09,BuildingA_Floor1,TypeA
1092,2025-04-06 09:42:35,31.3,40.2,BuildingA_Floor2,TypeC
1010,2025-04-06 16:17:47,27.43,71.92,BuildingB_Floor1,TypeC
1007,2025-04-04 23:00:40,18.9,69.79,BuildingB_Floor1,TypeA
1007,2025-04-04 13:20:18,21.84,49.75,BuildingB_Floor1,TypeB
1052,2025-04-07 11:31:34,31.37,71.85,BuildingA_Floor2,TypeC
1033,2025-04-04 05:28:49,30.85,75.56,BuildingA_Floor1,TypeA
1071,2025-04-03 12:22:35,30.77,55.25,BuildingA_Floor1,TypeB
1073,2025-04-06 06:03:40,20.38,48.21,BuildingB_Floor2,TypeB
1083,2025-04-05 19:36:42,28.9,41.96,BuildingB_Floor1,TypeB
1082,2025-04-03 01:30:35,20.45,64.24,BuildingA_Floor1,TypeA
1037,2025-04-02 23:23:46,24.01,44.77,BuildingA_Floor2,TypeC
1045,2025-04-06 20:20:17,26.92,47.34,BuildingB_Floor1,TypeA
1046,2025-04-03 02:27:48,31.41,41.98,BuildingA_Floor2,TypeA
1100,2025-04-06 02:06:46,34.77,53.23,BuildingA_Floor2,TypeC
1098,2025-04-03 07:58:09,28.03,64.89,BuildingA_Floor1,TypeA
1003,2025-04-06 02:58:29,27.39,54.1,BuildingB_Floor1,TypeB
1047,2025-04-04 19:00:04,16.93,36.77,BuildingB_Floor2,TypeB
1038,2025-04-06 05:40:30,15.3,44.76,BuildingB_Floor2,TypeA
1001,2025-04-05 05:43:54,34.33,64.13,BuildingB_Floor2,TypeB
1036,2025-04-03 15:28:37,26.88,76.48,BuildingB_Floor1,TypeA
1082,2025-04-04 21:30:31,20.27,78.18,BuildingB_Floor1,TypeB
1093,2025-04-03 08:50:26,22.06,31.74,BuildingA_Floor1,TypeB
1077,2025-04-06 14:35:53,15.85,69.43,BuildingB_Floor1,TypeA
1049,2025-04-06 18:15:11,23.83,34.93,BuildingB_Floor1,TypeC
1020,2025-04-04 05:28:53,16.18,78.64,BuildingB_Floor1,TypeA
1032,2025-04-05 05:29:07,22.7,57.49,BuildingA_Floor2,TypeA
1017,2025-04-07 14:52:43,26.0,41.74,BuildingB_Floor1,TypeA
1033,2025-04-04 01:51:05,18.03,60.59,BuildingB_Floor2,TypeB
1051,2025-04-04 04:20:38,17.92,65.96,BuildingB_Floor2,TypeA
1079,2025-04-03 23:12:43,19.1,45.16,BuildingA_Floor2,TypeC
1034,2025-04-07 10:02:02,29.67,55.85,BuildingA_Floor2,TypeC
1009,2025-04-03 17:05:17,34.67,64.31,BuildingB_Floor2,TypeA
1092,2025-04-07 11:01:28,24.23,48.3,BuildingA_Floor1,TypeC
1097,2025-04-03 06:13:14,29.63,69.65,BuildingB_Floor1,TypeA
1058,2025-04-04 09:29:07,25.35,51.48,BuildingA_Floor2,TypeA
1055,2025-04-05 14:08:38,18.96,64.84,BuildingB_Floor2,TypeA
1025,2025-04-07 09:31:40,30.73,67.09,BuildingA_Floor2,TypeB
1006,2025-04-07 13:25:30,15.51,58.08,BuildingA_Floor1,TypeC
1093,2025-04-03 09:43:00,22.6,49.02,BuildingB_Floor1,TypeB
1023,2025-04-04 15:56:26,15.89,78.8,BuildingA_Floor2,TypeA
1082,2025-04-06 05:52:08,23.83,51.99,BuildingB_Floor1,TypeA
1075,2025-04-07 10:37:40,32.67,76.49,BuildingA_Floor1,TypeB
1067,2025-04-05 12:40:45,18.69,75.74,BuildingA_Floor1,TypeC
1000,2025-04-05 20:40:48,30.39,59.55,BuildingB_Floor2,TypeA
1061,2025-04-03 08:46:07,34.11,60.7,BuildingB_Floor1,TypeB
1054,2025-04-02 23:44:45,17.13,37.87,BuildingB_Floor1,TypeA
1087,2025-04-05 12:58:00,28.55,54.03,BuildingB_Floor2,TypeC
1001,2025-04-06 01:50:57,34.53,37.48,BuildingA_Floor2,TypeC
1076,2025-04-03 12:19:32,24.71,61.15,BuildingA_Floor1,TypeB
1079,2025-04-06 10:10:59,28.1,57.29,BuildingA_Floor2,TypeA
1018,2025-04-03 14:57:29,20.66,42.39,BuildingA_Floor1,TypeB
1091,2025-04-06 01:29:40,25.98,43.96,BuildingA_Floor2,TypeB
1095,2025-04-07 09:52:37,16.71,41.99,BuildingA_Floor1,TypeC
1011,2025-04-04 15:30:38,28.86,32.41,BuildingB_Floor2,TypeC
1049,2025-04-03 22:30:04,15.68,62.0,BuildingB_Floor2,TypeB
1051,2025-04-06 12:09:46,17.67,74.97,BuildingB_Floor1,TypeC
1084,2025-04-05 14:55:26,20.02,64.21,BuildingB_Floor2,TypeA
1037,2025-04-07 08:55:31,31.79,51.7,BuildingA_Floor2,TypeC
1044,2025-04-06 05:51:10,20.75,59.76,BuildingB_Floor1,TypeA
1012,2025-04-05 04:42:41,30.23,61.36,BuildingA_Floor2,TypeA
1052,2025-04-07 00:36:53,21.13,52.09,BuildingA_Floor2,TypeC
1090,2025-04-06 01:12:21,29.5,37.29,BuildingA_Floor2,TypeB
1085,2025-04-06 14:09:30,27.6,58.09,BuildingA_Floor1,TypeB
1050,2025-04-06 09:22:10,20.18,68.14,BuildingA_Floor1,TypeA
